City_ID,City,Country,Date,Lat,Lng,Max Temp,Humidity,Cloudiness,Wind Speed,Current Description
0,Marsa Matruh,EG,2021-04-25 18:37:22,31.3525,27.2453,64.4,82,40,14.97,scattered clouds
1,Saint-Philippe,RE,2021-04-25 18:35:44,-21.3585,55.7679,78.8,73,20,19.57,light rain
2,Bocaiuva,BR,2021-04-25 18:37:23,-17.1078,-43.815,87.8,30,0,5.75,clear sky
3,Hermanus,ZA,2021-04-25 18:30:39,-34.4187,19.2345,61.0,87,100,0.67,overcast clouds
4,Amberley,US,2021-04-25 18:37:24,39.2048,-84.428,63.0,48,40,6.91,scattered clouds
5,Flinders,AU,2021-04-25 18:37:24,-34.5833,150.8552,52.0,84,16,1.01,few clouds
6,Ilulissat,GL,2021-04-25 18:32:51,69.2167,-51.1,51.8,40,20,18.41,few clouds
7,Floro,NO,2021-04-25 18:37:24,61.5996,5.0328,42.8,61,90,10.36,overcast clouds
8,Rikitea,PF,2021-04-25 18:37:25,-23.1203,-134.9692,77.7,75,100,7.94,light rain
9,Ushuaia,AR,2021-04-25 18:36:33,-54.8,-68.3,57.2,47,40,18.41,scattered clouds
10,Darhan,MN,2021-04-25 18:37:25,49.4867,105.9228,34.61,94,100,11.18,overcast clouds
11,Atuona,PF,2021-04-25 18:37:26,-9.8,-139.0333,80.04,71,53,16.04,broken clouds
12,Albany,US,2021-04-25 18:35:40,42.6001,-73.9662,55.99,60,100,1.01,overcast clouds
13,Talnakh,RU,2021-04-25 18:33:46,69.4865,88.3972,-1.98,96,70,1.99,broken clouds
14,Khatanga,RU,2021-04-25 18:37:27,71.9667,102.5,4.86,88,58,15.93,broken clouds
15,Avarua,CK,2021-04-25 18:34:16,-21.2078,-159.775,80.6,78,40,9.22,moderate rain
16,Kapaa,US,2021-04-25 18:37:27,22.0752,-159.319,75.99,73,40,13.8,scattered clouds
17,Barrow,US,2021-04-25 18:37:28,71.2906,-156.7887,14.0,85,1,13.8,clear sky
18,Kimbe,PG,2021-04-25 18:32:48,-5.5502,150.1429,75.38,90,92,2.73,light rain
19,Buala,SB,2021-04-25 18:37:28,-8.145,159.5921,79.57,84,29,2.46,scattered clouds
20,Puerto Ayora,EC,2021-04-25 18:33:21,-0.7393,-90.3518,82.4,65,20,19.57,few clouds
21,Severo-Kurilsk,RU,2021-04-25 18:37:29,50.6789,156.125,31.53,97,100,10.4,snow
22,Tasiilaq,GL,2021-04-25 18:37:29,65.6145,-37.6368,39.2,70,90,19.57,light rain
23,Adrar,MR,2021-04-25 18:37:29,20.5022,-10.0711,90.88,14,22,9.73,few clouds
24,Carnarvon,AU,2021-04-25 18:33:29,-24.8667,113.6333,62.6,88,0,5.75,clear sky
25,Mataura,NZ,2021-04-25 18:35:29,-46.1927,168.8643,42.01,86,97,8.01,overcast clouds
26,Port Elizabeth,ZA,2021-04-25 18:36:13,-33.918,25.5701,60.8,77,100,2.3,overcast clouds
27,Punta Arenas,CL,2021-04-25 18:33:38,-53.15,-70.9167,59.0,55,40,18.41,scattered clouds
28,Bluff,NZ,2021-04-25 18:37:31,-46.6,168.3333,42.01,86,58,8.01,broken clouds
29,Tuktoyaktuk,CA,2021-04-25 18:37:31,69.4541,-133.0374,10.4,85,90,9.22,light snow
30,Longyearbyen,SJ,2021-04-25 18:37:31,78.2186,15.6401,19.4,68,40,16.11,scattered clouds
31,Bengkulu,ID,2021-04-25 18:37:32,-3.8004,102.2655,75.99,89,41,4.61,scattered clouds
32,Thompson,CA,2021-04-25 18:37:32,55.7435,-97.8558,35.6,41,75,12.66,broken clouds
33,Trairi,BR,2021-04-25 18:37:32,-3.2778,-39.2689,82.02,73,28,8.72,scattered clouds
34,Cape Town,ZA,2021-04-25 18:36:29,-33.9258,18.4232,64.99,94,0,13.8,clear sky
35,Diego De Almagro,CL,2021-04-25 18:37:33,-26.3667,-70.05,74.64,30,0,11.97,clear sky
36,Norsup,VU,2021-04-25 18:37:34,-16.0667,167.3833,79.34,81,98,1.92,overcast clouds
37,Cabo San Lucas,MX,2021-04-25 18:37:34,22.8909,-109.9124,82.99,36,40,11.5,scattered clouds
38,Puerto Montt,CL,2021-04-25 18:37:35,-41.4698,-72.9447,57.2,82,75,3.44,broken clouds
39,Chuy,UY,2021-04-25 18:37:35,-33.6971,-53.4616,62.71,77,96,14.27,overcast clouds
40,Sao Joao Da Barra,BR,2021-04-25 18:34:25,-21.6403,-41.0511,84.2,61,20,9.22,few clouds
41,Novouzensk,RU,2021-04-25 18:37:36,50.4592,48.1431,43.5,52,9,7.14,clear sky
42,Pechenga,RU,2021-04-25 18:34:25,69.5259,31.1703,32.0,69,20,12.66,few clouds
43,Hithadhoo,MV,2021-04-25 18:33:57,-0.6,73.0833,82.65,67,98,3.42,overcast clouds
44,Hilo,US,2021-04-25 18:35:45,19.7297,-155.09,71.6,78,90,5.75,light rain
45,Biak,ID,2021-04-25 18:34:37,-0.9131,122.8766,75.43,82,76,4.88,broken clouds
46,Mahebourg,MU,2021-04-25 18:32:53,-20.4081,57.7,77.0,88,75,12.66,light rain
47,Airai,TL,2021-04-25 18:33:25,-8.9266,125.4092,55.13,82,16,1.72,few clouds
48,Mehamn,NO,2021-04-25 18:37:37,71.0357,27.8492,33.8,64,20,8.05,few clouds
49,Cidreira,BR,2021-04-25 18:34:09,-30.1811,-50.2056,70.84,69,76,15.08,broken clouds
50,Harper,LR,2021-04-25 18:34:15,4.375,-7.7169,79.79,82,100,11.95,overcast clouds
51,Cockburn Town,TC,2021-04-25 18:37:38,21.4612,-71.1419,84.2,58,40,11.5,scattered clouds
52,Clyde River,CA,2021-04-25 18:34:42,70.4692,-68.5914,21.2,100,75,25.32,snow
53,Ormara,PK,2021-04-25 18:37:38,25.2088,64.6357,82.0,75,65,9.01,broken clouds
54,Gushikawa,JP,2021-04-25 18:37:39,26.3544,127.8686,66.2,94,1,4.61,clear sky
55,Port Alfred,ZA,2021-04-25 18:33:06,-33.5906,26.891,70.21,69,100,13.91,overcast clouds
56,Sitka,US,2021-04-25 18:37:39,57.0531,-135.33,51.8,50,1,4.61,clear sky
57,Sinnamary,GF,2021-04-25 18:33:27,5.3833,-52.95,81.99,78,35,11.92,scattered clouds
58,Butaritari,KI,2021-04-25 18:35:29,3.0707,172.7902,82.09,77,16,12.3,light rain
59,Atambua,ID,2021-04-25 18:37:40,-9.1061,124.8925,69.22,82,18,5.08,few clouds
60,Jamestown,US,2021-04-25 18:37:40,42.097,-79.2353,46.99,87,90,16.11,overcast clouds
61,New Norfolk,AU,2021-04-25 18:35:47,-42.7826,147.0587,57.0,81,92,3.0,overcast clouds
62,Narsaq,GL,2021-04-25 18:37:41,60.9167,-46.05,53.6,26,75,23.02,broken clouds
63,Ejido,VE,2021-04-25 18:37:41,8.5514,-71.2375,79.2,70,99,5.06,overcast clouds
64,Tessalit,ML,2021-04-25 18:37:42,20.1986,1.0114,94.57,6,0,7.23,clear sky
65,Hobyo,SO,2021-04-25 18:32:57,5.3505,48.5268,84.38,63,26,11.25,scattered clouds
66,Upernavik,GL,2021-04-25 18:37:42,72.7868,-56.1549,36.34,84,0,1.39,clear sky
67,College,US,2021-04-25 18:34:57,64.8569,-147.8028,48.99,42,1,3.44,clear sky
68,Vardo,NO,2021-04-25 18:34:19,70.3705,31.1107,33.8,69,40,14.97,scattered clouds
69,Shitanjing,CN,2021-04-25 18:37:43,39.2342,106.3439,47.32,60,10,14.58,clear sky
70,Vao,NC,2021-04-25 18:37:44,-22.6667,167.4833,72.86,79,40,12.03,scattered clouds
71,Abbeville,FR,2021-04-25 18:35:38,50.1,1.8333,51.8,57,0,11.5,clear sky
72,Arraial Do Cabo,BR,2021-04-25 18:37:44,-22.9661,-42.0278,82.4,65,0,10.36,clear sky
73,Paamiut,GL,2021-04-25 18:37:23,61.994,-49.6678,37.38,92,100,2.57,overcast clouds
74,Tupik,RU,2021-04-25 18:37:45,54.4253,119.9327,38.35,78,100,2.57,overcast clouds
75,Agadir,MA,2021-04-25 18:37:45,30.4202,-9.5982,69.8,56,40,17.27,scattered clouds
76,Awjilah,LY,2021-04-25 18:37:46,29.1081,21.2869,68.04,55,0,17.34,clear sky
77,Portland,US,2021-04-25 18:33:20,45.5234,-122.6762,55.99,62,75,4.61,broken clouds
78,Simao,CN,2021-04-25 18:37:46,22.7886,100.9748,68.54,60,96,2.8,overcast clouds
79,Tiksi,RU,2021-04-25 18:36:40,71.6872,128.8694,21.96,97,100,2.57,light snow
80,Broken Hill,AU,2021-04-25 18:32:47,-31.95,141.4333,51.8,62,0,7.63,clear sky
81,Shubarkuduk,KZ,2021-04-25 18:37:47,49.1447,56.4872,49.91,81,100,2.86,overcast clouds
82,Yellowknife,CA,2021-04-25 18:37:48,62.456,-114.3525,10.99,52,75,10.36,broken clouds
83,Bambous Virieux,MU,2021-04-25 18:37:48,-20.3428,57.7575,78.01,88,75,12.66,light rain
84,Coquimbo,CL,2021-04-25 18:33:01,-29.9533,-71.3436,62.6,72,20,11.5,few clouds
85,Nikolskoye,RU,2021-04-25 18:32:58,59.7035,30.7861,39.0,93,90,11.18,overcast clouds
86,Wanning,CN,2021-04-25 18:37:49,18.8003,110.3967,78.85,89,100,7.02,overcast clouds
87,Antalaha,MG,2021-04-25 18:37:49,-14.9003,50.2788,72.75,90,100,5.61,overcast clouds
88,Mar Del Plata,AR,2021-04-25 18:33:03,-38.0023,-57.5575,64.4,63,40,13.8,scattered clouds
89,Taunton,GB,2021-04-25 18:37:50,51.0211,-3.1047,57.2,41,6,17.27,clear sky
90,Busselton,AU,2021-04-25 18:35:27,-33.65,115.3333,53.01,96,100,1.01,overcast clouds
91,Ouesso,CG,2021-04-25 18:37:51,1.6136,16.0517,78.96,69,88,2.73,overcast clouds
92,Vaini,TO,2021-04-25 18:37:51,-21.2,-175.2,75.2,94,75,2.3,light rain
93,Seda,LV,2021-04-25 18:37:51,57.65,25.75,35.01,90,100,1.99,overcast clouds
94,Dikson,RU,2021-04-25 18:37:52,73.5069,80.5464,16.23,90,100,10.65,overcast clouds
95,Nuuk,GL,2021-04-25 18:37:52,64.1835,-51.7216,42.8,70,75,1.14,broken clouds
96,San Quintin,MX,2021-04-25 18:37:53,30.4833,-115.95,64.22,65,12,16.93,few clouds
97,Makokou,GA,2021-04-25 18:37:53,0.5738,12.8642,77.32,73,100,2.37,overcast clouds
98,Sibolga,ID,2021-04-25 18:37:53,1.7427,98.7792,76.57,84,40,3.04,scattered clouds
99,Katsuura,JP,2021-04-25 18:37:30,35.1333,140.3,53.6,50,75,17.27,broken clouds
100,Husavik,IS,2021-04-25 18:37:54,66.0449,-17.3389,39.2,93,90,14.97,overcast clouds
101,Saint Anthony,US,2021-04-25 18:37:54,45.0205,-93.218,45.0,39,90,10.36,overcast clouds
102,Saint George,US,2021-04-25 18:37:55,37.1041,-113.5841,79.0,14,1,27.63,clear sky
103,Georgetown,MY,2021-04-25 18:37:55,5.4112,100.3354,80.6,89,20,3.44,few clouds
104,Nanortalik,GL,2021-04-25 18:37:55,60.1432,-45.2371,42.53,72,100,14.14,overcast clouds
105,Victoria,HK,2021-04-25 18:35:47,22.2855,114.1577,73.0,92,100,1.01,overcast clouds
106,Pevek,RU,2021-04-25 18:32:56,69.7008,170.3133,19.53,94,100,11.27,light snow
107,Neuquen,AR,2021-04-25 18:37:56,-38.9516,-68.0591,68.0,45,0,11.5,clear sky
108,Port Blair,IN,2021-04-25 18:36:16,11.6667,92.75,82.06,72,96,4.92,overcast clouds
109,Malanje,AO,2021-04-25 18:37:57,-9.5402,16.341,65.91,86,11,2.73,few clouds
110,Horta,PT,2021-04-25 18:37:57,38.5333,-28.6333,64.4,72,20,10.36,few clouds
111,Salalah,OM,2021-04-25 18:33:50,17.0151,54.0924,84.2,70,40,8.05,scattered clouds
112,Sonoita,MX,2021-04-25 18:37:57,31.85,-112.8333,84.99,12,8,5.01,clear sky
113,Jayanca,PE,2021-04-25 18:37:58,-6.3908,-79.8219,78.8,57,0,13.8,clear sky
114,Kyshtovka,RU,2021-04-25 18:37:58,56.555,76.6271,41.9,62,100,7.78,overcast clouds
115,Kaitangata,NZ,2021-04-25 18:33:27,-46.2817,169.8464,37.0,77,68,1.99,light rain
116,Hambantota,LK,2021-04-25 18:37:59,6.1241,81.1185,78.8,100,75,5.64,broken clouds
117,Bredasdorp,ZA,2021-04-25 18:37:59,-34.5322,20.0403,55.4,94,100,1.14,overcast clouds
118,Talara,PE,2021-04-25 18:33:15,-4.5772,-81.2719,82.4,57,0,11.5,clear sky
119,Arlington,US,2021-04-25 18:36:33,32.7357,-97.1081,79.0,53,20,14.97,few clouds
120,Pisco,PE,2021-04-25 18:33:42,-13.7,-76.2167,70.0,83,75,9.22,broken clouds
121,Sabang,ID,2021-04-25 18:34:30,5.8933,95.3214,82.11,75,87,11.54,overcast clouds
122,Bereda,ES,2021-04-25 18:37:57,43.2686,-7.5406,59.0,100,100,5.01,moderate rain
123,Ayan,RU,2021-04-25 18:38:01,56.45,138.1667,20.82,84,14,5.37,few clouds
124,Bubaque,GW,2021-04-25 18:38:01,11.2833,-15.8333,78.44,68,57,19.3,broken clouds
125,Lienz,AT,2021-04-25 18:38:01,46.8289,12.769,57.2,24,40,5.53,scattered clouds
126,Asau,RO,2021-04-25 18:38:02,46.4333,26.4,48.0,37,36,5.95,scattered clouds
127,Chernoyerkovskaya,RU,2021-04-25 18:38:02,45.4331,37.7686,46.4,81,40,15.66,light rain
128,Bellview,US,2021-04-25 18:38:03,30.4616,-87.315,79.0,44,1,10.36,clear sky
129,Mayo,US,2021-04-25 18:33:53,38.8876,-76.5119,64.0,55,75,16.11,broken clouds
130,Olafsvik,IS,2021-04-25 18:33:04,64.8945,-23.7142,43.99,85,16,7.14,few clouds
131,Bonthe,SL,2021-04-25 18:38:03,7.5264,-12.505,82.58,71,52,7.58,light rain
132,Hobart,AU,2021-04-25 18:35:37,-42.8794,147.3294,57.2,58,40,14.97,scattered clouds
133,Axim,GH,2021-04-25 18:38:04,4.8699,-2.2405,80.74,81,100,5.57,overcast clouds
134,Sorland,NO,2021-04-25 18:38:04,67.667,12.6934,37.4,70,75,8.05,broken clouds
135,Iqaluit,CA,2021-04-25 18:38:05,63.7506,-68.5145,33.8,86,90,3.44,overcast clouds
136,Raga,SS,2021-04-25 18:38:05,8.4596,25.678,72.64,89,100,11.07,moderate rain
137,Qaanaaq,GL,2021-04-25 18:38:06,77.484,-69.3632,31.46,73,43,4.27,scattered clouds
138,Bethel,US,2021-04-25 18:38:06,41.3712,-73.414,55.4,67,90,8.05,overcast clouds
139,Dingle,PH,2021-04-25 18:38:06,10.9995,122.6711,76.14,85,33,2.95,light rain
140,Constitucion,CL,2021-04-25 18:34:03,-35.3333,-72.4167,65.48,59,3,14.5,clear sky
141,Alyangula,AU,2021-04-25 18:33:48,-13.8483,136.4192,77.0,100,90,9.91,overcast clouds
142,Lavrentiya,RU,2021-04-25 18:38:07,65.5833,-171.0,25.05,84,95,2.06,overcast clouds
143,Taltal,CL,2021-04-25 18:36:09,-25.4,-70.4833,64.98,76,44,4.7,scattered clouds
144,Puttur,IN,2021-04-25 18:38:08,12.7667,75.2167,84.2,79,40,4.61,light rain
145,Hofn,IS,2021-04-25 18:38:08,64.2539,-15.2082,42.24,91,100,10.6,overcast clouds
146,Lebu,CL,2021-04-25 18:36:07,-37.6167,-73.65,60.15,75,0,13.15,clear sky
147,Westport,US,2021-04-25 18:34:34,41.1415,-73.3579,55.99,71,90,10.36,overcast clouds
148,Faanui,PF,2021-04-25 18:33:48,-16.4833,-151.75,80.85,66,8,4.68,clear sky
149,Castro,BR,2021-04-25 18:35:47,-24.7911,-50.0119,67.37,72,100,8.03,overcast clouds
150,Guaratinga,BR,2021-04-25 18:36:18,-16.5667,-39.5667,82.4,69,20,14.97,few clouds
151,Saint-Pierre,RE,2021-04-25 18:38:10,-21.3393,55.4781,78.8,73,20,19.57,few clouds
152,Yeppoon,AU,2021-04-25 18:38:10,-23.1333,150.7333,64.4,77,36,6.91,scattered clouds
153,Brezno,SK,2021-04-25 18:38:10,48.8043,19.6363,35.6,64,20,4.61,few clouds
154,Tazovskiy,RU,2021-04-25 18:34:11,67.4667,78.7,7.9,95,25,8.3,scattered clouds
155,Port Lincoln,AU,2021-04-25 18:34:07,-34.7333,135.8667,59.32,80,8,7.85,clear sky
156,Keroka,KE,2021-04-25 18:38:11,-0.7758,34.9453,55.74,97,100,2.15,overcast clouds
157,Shizunai,JP,2021-04-25 18:38:12,42.3339,142.3669,34.54,84,57,4.09,broken clouds
158,Miracema Do Tocantins,BR,2021-04-25 18:38:12,-9.5618,-48.3967,81.32,83,95,2.59,light rain
159,Finschhafen,PG,2021-04-25 18:38:13,-6.6024,147.8681,78.87,81,100,5.46,moderate rain
160,Cedral,MX,2021-04-25 18:38:13,23.8,-100.7333,83.86,21,10,13.4,clear sky
161,Henties Bay,NA,2021-04-25 18:34:08,-22.116,14.2845,63.0,89,41,4.0,scattered clouds
162,Morant Bay,JM,2021-04-25 18:38:14,17.8815,-76.4093,84.2,70,40,18.41,scattered clouds
163,Beringovskiy,RU,2021-04-25 18:38:01,63.05,179.3167,30.6,87,100,1.92,overcast clouds
164,Duku,NG,2021-04-25 18:38:14,11.2361,4.9073,94.1,32,95,4.36,overcast clouds
165,Ancud,CL,2021-04-25 18:33:44,-41.8697,-73.8203,63.0,94,75,3.44,broken clouds
166,Zhigansk,RU,2021-04-25 18:35:51,66.7697,123.3711,32.59,99,100,8.81,light snow
167,Yumen,CN,2021-04-25 18:34:54,40.2833,97.2,39.22,14,100,13.44,overcast clouds
168,Kutum,SD,2021-04-25 18:38:15,14.2,24.6667,81.97,14,29,8.01,scattered clouds
169,Coihaique,CL,2021-04-25 18:38:16,-45.5752,-72.0662,59.0,47,40,9.22,scattered clouds
170,Kupang,ID,2021-04-25 18:38:16,-10.1667,123.5833,74.03,74,60,8.08,broken clouds
171,Angoche,MZ,2021-04-25 18:38:16,-16.2325,39.9086,76.64,85,85,4.92,overcast clouds
172,Manaure,CO,2021-04-25 18:38:17,11.7751,-72.4445,89.38,52,34,16.58,scattered clouds
173,Lazaro Cardenas,MX,2021-04-25 18:38:17,17.9583,-102.2,85.14,50,100,10.78,overcast clouds
174,Greenville,US,2021-04-25 18:37:28,35.6127,-77.3663,64.99,59,75,10.36,broken clouds
175,Belchatow,PL,2021-04-25 18:38:18,51.3688,19.3567,39.99,53,43,55.99,scattered clouds
176,Upata,VE,2021-04-25 18:38:18,8.0086,-62.3989,90.0,61,100,7.0,overcast clouds
177,Waingapu,ID,2021-04-25 18:38:11,-9.6567,120.2641,76.28,78,84,8.55,broken clouds
178,Guaira,BR,2021-04-25 18:38:19,-20.3183,-48.3106,88.59,16,66,6.49,broken clouds
179,Saldanha,ZA,2021-04-25 18:33:27,-33.0117,17.9442,60.8,88,100,4.61,overcast clouds
180,Kenora,CA,2021-04-25 18:38:19,49.8167,-94.4337,42.8,31,90,14.97,overcast clouds
181,Shimoda,JP,2021-04-25 18:38:19,34.6667,138.95,53.01,50,100,23.22,overcast clouds
182,Komsomolskiy,UZ,2021-04-25 18:33:47,40.4272,71.7189,62.6,42,0,6.91,clear sky
183,Honningsvag,NO,2021-04-25 18:38:20,70.9821,25.9704,33.8,86,75,9.22,light snow
184,Ulaanbaatar,MN,2021-04-25 18:37:33,47.9077,106.8832,30.2,86,75,11.18,broken clouds
185,Egvekinot,RU,2021-04-25 18:38:21,66.3167,-179.1667,22.08,90,21,5.08,few clouds
186,Pangnirtung,CA,2021-04-25 18:38:21,66.1451,-65.7125,33.8,80,90,0.96,overcast clouds
187,Palencia,ES,2021-04-25 18:38:21,42.4167,-4.5,55.99,78,100,1.01,overcast clouds
188,Raduzhnyy,RU,2021-04-25 18:38:22,62.0961,77.475,34.56,98,100,7.34,overcast clouds
189,Bafra,TR,2021-04-25 18:38:22,41.5678,35.9069,51.8,82,75,3.44,broken clouds
190,Freeport,US,2021-04-25 18:38:01,40.6576,-73.5832,57.0,67,75,16.11,broken clouds
191,Port-Cartier,CA,2021-04-25 18:36:05,50.0334,-66.8654,46.99,57,20,11.5,few clouds
192,Ribeira Grande,PT,2021-04-25 18:38:23,38.5167,-28.7,64.4,72,20,10.36,few clouds
193,Ponta Do Sol,PT,2021-04-25 18:37:10,32.6667,-17.1,61.0,85,54,7.0,broken clouds
194,Bilibino,RU,2021-04-25 18:36:53,68.0546,166.4372,17.04,94,99,1.88,overcast clouds
195,Shingu,JP,2021-04-25 18:37:14,33.7333,135.9833,43.97,66,0,10.2,clear sky
196,Jardim,BR,2021-04-25 18:38:24,-21.4803,-56.1381,72.12,88,99,4.12,overcast clouds
197,Cozumel,MX,2021-04-25 18:38:24,20.5083,-86.9458,89.6,51,40,6.91,scattered clouds
198,Lata,PT,2021-04-25 18:37:38,40.1629,-8.3327,62.01,87,96,3.36,overcast clouds
199,Jalu,LY,2021-04-25 18:34:22,29.0331,21.5482,69.57,50,0,17.65,clear sky
200,Chapada Dos Guimaraes,BR,2021-04-25 18:38:25,-15.4606,-55.7497,77.0,78,75,2.3,light rain
201,Moose Factory,CA,2021-04-25 18:38:25,51.2585,-80.6094,28.4,64,40,17.27,scattered clouds
202,Bonavista,CA,2021-04-25 18:38:26,48.6499,-53.1147,51.8,43,66,10.36,broken clouds
203,Bathsheba,BB,2021-04-25 18:35:30,13.2167,-59.5167,86.0,48,20,19.57,few clouds
204,Chokurdakh,RU,2021-04-25 18:38:26,70.6333,147.9167,18.81,94,100,14.16,light snow
205,Lipin Bor,RU,2021-04-25 18:38:27,60.2622,37.9763,39.99,95,100,2.57,moderate rain
206,Baykit,RU,2021-04-25 18:38:27,61.67,96.37,31.03,87,85,6.55,overcast clouds
207,Kintinku,TZ,2021-04-25 18:36:12,-5.8833,35.2333,71.6,83,75,9.22,light rain
208,Ust-Ishim,RU,2021-04-25 18:38:28,57.6935,71.1665,46.24,53,100,9.71,overcast clouds
209,Bogotol,RU,2021-04-25 18:38:28,56.2078,89.5342,34.38,98,100,6.67,overcast clouds
210,Ust-Nera,RU,2021-04-25 18:38:28,64.5667,143.2,2.1,98,98,3.2,overcast clouds
211,Puerto Escondido,MX,2021-04-25 18:38:29,15.85,-97.0667,86.0,79,20,6.91,few clouds
212,Nome,US,2021-04-25 18:37:39,64.5011,-165.4064,37.99,75,40,4.7,scattered clouds
213,Dzilam Gonzalez,MX,2021-04-25 18:38:30,21.2833,-88.9333,95.18,38,61,7.85,broken clouds
214,Riyadh,SA,2021-04-25 18:37:10,24.6877,46.7219,86.0,20,0,2.3,clear sky
215,Oistins,BB,2021-04-25 18:36:01,13.0667,-59.5333,86.0,48,20,19.57,few clouds
216,Katrineholm,SE,2021-04-25 18:38:30,58.9959,16.2072,34.0,93,75,3.44,light snow
217,Tura,IN,2021-04-25 18:38:31,25.5198,90.2201,77.47,31,1,4.68,clear sky
218,Sagua La Grande,CU,2021-04-25 18:38:31,22.8067,-80.0756,95.0,24,40,6.91,scattered clouds
219,Uchkent,RU,2021-04-25 18:38:31,43.1143,47.0826,55.4,76,20,6.71,few clouds
220,Kamskiye Polyany,RU,2021-04-25 18:38:32,55.4307,51.4171,37.4,81,40,17.9,scattered clouds
221,Lerwick,GB,2021-04-25 18:36:19,60.1545,-1.1494,44.6,87,0,9.22,clear sky
222,Burnie,AU,2021-04-25 18:38:33,-41.0667,145.9167,52.0,81,85,8.01,overcast clouds
223,Valera,VE,2021-04-25 18:38:33,9.3178,-70.6036,84.31,67,98,2.48,overcast clouds
224,Zhicheng,CN,2021-04-25 18:38:33,30.2956,111.5047,57.99,87,100,1.45,light rain
225,Mount Isa,AU,2021-04-25 18:38:34,-20.7333,139.5,73.4,56,0,3.44,light rain
226,Agua Dulce,MX,2021-04-25 18:38:34,18.1333,-94.1333,86.0,70,75,11.5,broken clouds
227,Probolinggo,ID,2021-04-25 18:38:34,-7.7543,113.2159,80.6,83,20,8.05,haze
228,Vila Velha,BR,2021-04-25 18:37:03,-20.3297,-40.2925,84.2,70,20,13.8,few clouds
229,Lorengau,PG,2021-04-25 18:38:35,-2.0226,147.2712,79.29,83,51,7.47,broken clouds
230,Deputatskiy,RU,2021-04-25 18:36:40,69.3,139.9,16.18,93,100,5.37,overcast clouds
231,Cedar City,US,2021-04-25 18:36:10,37.6775,-113.0619,66.2,15,1,33.38,clear sky
232,Banda Aceh,ID,2021-04-25 18:37:16,5.5577,95.3222,79.74,78,79,7.52,broken clouds
233,Krasnyy Chikoy,RU,2021-04-25 18:38:36,50.3643,108.7512,33.6,97,100,8.7,snow
234,Helong,CN,2021-04-25 18:38:36,42.5397,128.9972,37.76,49,8,4.12,clear sky
235,Kasongo-Lunda,CD,2021-04-25 18:38:37,-6.4667,16.8167,75.83,83,84,2.1,broken clouds
236,Pauini,BR,2021-04-25 18:38:37,-7.7136,-66.9764,90.72,55,99,2.1,overcast clouds
237,Santa Isabel Do Rio Negro,BR,2021-04-25 18:34:22,-0.4139,-65.0192,84.13,84,98,3.29,overcast clouds
238,Raca,RS,2021-04-25 18:38:38,44.2271,20.9775,62.6,31,0,5.75,clear sky
239,Kangaatsiaq,GL,2021-04-25 18:38:38,68.3065,-53.4641,35.24,74,14,1.86,few clouds
240,Geraldton,AU,2021-04-25 18:35:47,-28.7667,114.6,60.8,82,1,4.61,clear sky
241,Korla,CN,2021-04-25 18:38:39,41.7597,86.1469,50.9,25,11,7.11,few clouds
242,Norman Wells,CA,2021-04-25 18:38:39,65.282,-126.8329,33.8,51,20,21.85,few clouds
243,Yashkul,RU,2021-04-25 18:38:40,46.1711,45.3435,48.92,70,100,5.53,light rain
244,Sovetskiy,RU,2021-04-25 18:38:40,61.3614,63.5842,46.24,48,100,12.64,overcast clouds
245,Bara,NG,2021-04-25 18:38:40,10.3744,10.7288,96.8,38,20,8.99,few clouds
246,Provideniya,RU,2021-04-25 18:38:41,64.3833,-173.3,34.75,83,76,3.24,broken clouds
247,Tchibanga,GA,2021-04-25 18:38:41,-2.85,11.0333,74.3,95,15,2.42,few clouds
248,Richards Bay,ZA,2021-04-25 18:38:42,-28.783,32.0377,66.88,87,15,3.31,few clouds
249,Las Juntas,MX,2021-04-25 18:38:42,19.4167,-104.7,82.4,78,20,9.22,few clouds
250,Port Hedland,AU,2021-04-25 18:35:09,-20.3167,118.5667,68.0,88,0,8.05,clear sky
251,Ndele,CF,2021-04-25 18:38:42,8.4109,20.6473,72.36,85,100,7.83,light rain
252,Grand Gaube,MU,2021-04-25 18:36:09,-20.0064,57.6608,78.01,81,100,8.99,overcast clouds
253,Benghazi,LY,2021-04-25 18:38:43,32.1167,20.0667,62.89,82,0,14.29,clear sky
254,Luganville,VU,2021-04-25 18:38:43,-15.5333,167.1667,77.67,85,97,2.86,overcast clouds
255,Meulaboh,ID,2021-04-25 18:38:44,4.1363,96.1285,77.0,85,72,4.29,broken clouds
256,Leningradskiy,RU,2021-04-25 18:35:07,69.3833,178.4167,18.07,89,100,2.37,overcast clouds
257,Zyryanovsk,KZ,2021-04-25 18:38:44,49.7386,84.2719,36.54,65,100,3.4,overcast clouds
258,Luderitz,NA,2021-04-25 18:38:45,-26.6481,15.1594,62.02,91,96,2.35,overcast clouds
259,Yerofey Pavlovich,RU,2021-04-25 18:38:45,53.9667,121.9667,41.2,53,100,2.17,overcast clouds
260,Ampanihy,MG,2021-04-25 18:38:46,-24.7,44.75,70.92,81,0,3.96,clear sky
261,Chalchihuites,MX,2021-04-25 18:38:46,23.4833,-103.8833,81.68,10,100,14.36,overcast clouds
262,Padang,ID,2021-04-25 18:36:42,-0.9492,100.3543,77.77,85,96,3.18,overcast clouds
263,Margate,GB,2021-04-25 18:34:08,51.3813,1.3862,44.01,63,19,5.01,few clouds
264,Imeni Poliny Osipenko,RU,2021-04-25 18:38:47,52.4201,136.4853,26.38,51,27,5.19,scattered clouds
265,Alice Springs,AU,2021-04-25 18:35:39,-23.7,133.8833,48.2,61,0,6.91,clear sky
266,Rosario Oeste,BR,2021-04-25 18:38:47,-14.8361,-56.4275,78.96,80,100,7.36,overcast clouds
267,Srednekolymsk,RU,2021-04-25 18:38:48,67.45,153.6833,0.45,97,49,4.92,scattered clouds
268,Mudgee,AU,2021-04-25 18:37:16,-32.5943,149.5871,35.6,93,75,4.12,broken clouds
269,Buston,TJ,2021-04-25 18:38:48,40.2342,69.6948,64.4,45,0,4.47,clear sky
270,San Patricio,US,2021-04-25 18:38:49,28.017,-97.5169,87.8,42,1,13.8,clear sky
271,Ahipara,NZ,2021-04-25 18:38:49,-35.1667,173.1667,57.72,81,49,7.05,scattered clouds
272,Ossora,RU,2021-04-25 18:38:49,59.2353,163.0719,31.14,92,100,3.96,overcast clouds
273,Yaan,NG,2021-04-25 18:38:50,7.3833,8.5667,83.77,63,83,4.45,broken clouds
274,Torbay,CA,2021-04-25 18:38:50,47.6666,-52.7314,53.6,35,20,19.57,few clouds
275,Vilyuysk,RU,2021-04-25 18:38:51,63.7553,121.6247,33.26,98,100,5.35,overcast clouds
276,Vostok,RU,2021-04-25 18:38:03,46.4856,135.8833,22.75,61,9,4.88,clear sky
277,Uvarovo,RU,2021-04-25 18:35:13,51.9849,42.2615,38.25,72,39,7.16,scattered clouds
278,Nishihara,JP,2021-04-25 18:38:51,26.1842,127.7558,66.2,88,20,8.68,few clouds
279,Fairmont,US,2021-04-25 18:38:30,39.4851,-80.1426,60.01,62,100,1.01,overcast clouds
280,Ostersund,SE,2021-04-25 18:38:18,63.1792,14.6357,35.6,51,75,8.05,broken clouds
281,Grafton,US,2021-04-25 18:38:52,42.207,-71.6856,51.01,81,90,9.22,overcast clouds
282,Lima,PE,2021-04-25 18:36:25,-12.0432,-77.0282,69.01,88,90,9.22,overcast clouds
283,Berlevag,NO,2021-04-25 18:37:48,70.8578,29.0864,32.0,64,20,8.05,few clouds
284,Kasiri,SL,2021-04-25 18:38:53,8.9412,-13.1148,82.31,58,9,10.09,clear sky
285,Lethem,GY,2021-04-25 18:38:53,3.3803,-59.7968,91.4,62,40,11.5,scattered clouds
286,Enumclaw,US,2021-04-25 18:38:54,47.2043,-121.9915,55.0,73,100,1.99,overcast clouds
287,Auki,SB,2021-04-25 18:38:48,-8.7676,160.7034,78.48,87,70,0.43,broken clouds
288,Gat,IL,2021-04-25 18:38:54,31.61,34.7642,75.0,34,0,1.01,clear sky
289,Agdam,AZ,2021-04-25 18:38:55,39.991,46.9274,60.69,76,13,2.51,few clouds
290,Yacuiba,BO,2021-04-25 18:38:55,-22.038,-63.6797,68.68,70,89,4.68,overcast clouds
291,Souillac,MU,2021-04-25 18:38:55,-20.5167,57.5167,77.0,88,75,12.66,light rain
292,Esperance,AU,2021-04-25 18:38:56,-33.8667,121.9,60.8,63,0,14.97,clear sky
293,East London,ZA,2021-04-25 18:38:56,-33.0153,27.9116,68.0,83,0,8.05,clear sky
294,Arlit,NE,2021-04-25 18:38:56,18.7369,7.3853,96.08,9,70,8.28,broken clouds
295,Laguna,US,2021-04-25 18:38:57,38.421,-121.4238,62.01,54,90,6.91,overcast clouds
296,Okhotsk,RU,2021-04-25 18:37:25,59.3833,143.3,14.83,76,1,8.46,clear sky
297,Kawalu,ID,2021-04-25 18:38:57,-7.3817,108.2082,71.06,96,45,1.57,scattered clouds
298,Cherskiy,RU,2021-04-25 18:38:58,68.75,161.3,2.43,96,96,4.7,overcast clouds
299,Rabo De Peixe,PT,2021-04-25 18:38:58,37.8,-25.5833,62.6,67,40,14.97,scattered clouds
300,Ponta Delgada,PT,2021-04-25 18:38:47,37.7333,-25.6667,62.6,67,40,14.97,scattered clouds
301,Mahanoro,MG,2021-04-25 18:38:59,-19.9,48.8,72.59,92,100,5.68,light rain
302,Bhuban,IN,2021-04-25 18:38:59,20.8833,85.8333,80.62,62,89,3.33,overcast clouds
303,Grand-Santi,GF,2021-04-25 18:38:59,4.25,-54.3833,81.99,90,26,3.94,scattered clouds
304,Osecina,RS,2021-04-25 18:39:00,44.3731,19.6014,51.8,30,0,4.61,clear sky
305,Yar-Sale,RU,2021-04-25 18:37:00,66.8333,70.8333,32.83,94,100,11.59,overcast clouds
306,Makaryev,RU,2021-04-25 18:39:00,57.8797,43.8069,33.37,96,100,11.48,light snow
307,Avila,ES,2021-04-25 18:39:01,40.5833,-5.0,48.99,90,100,5.01,overcast clouds
308,Gillette,US,2021-04-25 18:35:46,44.2911,-105.5022,55.99,54,75,3.44,broken clouds
309,Guatire,VE,2021-04-25 18:39:01,10.4762,-66.5427,87.8,66,20,2.3,few clouds
310,Teknaf,BD,2021-04-25 18:39:02,20.8624,92.3058,78.89,85,0,1.9,clear sky
311,Licheng,CN,2021-04-25 18:39:02,23.2955,113.8284,77.0,78,90,6.71,overcast clouds
312,Yerbogachen,RU,2021-04-25 18:39:02,61.2767,108.0108,33.12,96,100,6.73,light snow
313,Sindor,RU,2021-04-25 18:39:03,62.8629,51.8905,41.45,87,100,8.41,overcast clouds
314,Fallon,US,2021-04-25 18:36:07,39.4735,-118.7774,51.8,43,90,5.75,light rain
315,Belaya Gora,RU,2021-04-25 18:39:03,68.5333,146.4167,16.2,85,100,11.05,overcast clouds
316,Bantry,IE,2021-04-25 18:39:04,51.6833,-9.45,60.8,44,0,9.22,clear sky
317,Elko,US,2021-04-25 18:36:27,41.0002,-115.5012,46.0,81,90,4.61,light rain
318,Grand Haven,US,2021-04-25 18:39:04,43.0631,-86.2284,46.0,45,20,18.41,few clouds
319,Verkhoyansk,RU,2021-04-25 18:39:05,67.5447,133.385,20.43,96,98,3.87,overcast clouds
320,Itaqui,BR,2021-04-25 18:39:05,-29.1253,-56.5531,72.9,39,0,14.0,clear sky
321,Manyana,BW,2021-04-25 18:39:06,-23.4,21.7167,67.01,26,8,2.98,clear sky
322,Plettenberg Bay,ZA,2021-04-25 18:39:06,-34.0527,23.3716,66.81,70,100,4.0,overcast clouds
323,Bahia Honda,CU,2021-04-25 18:37:45,22.9036,-83.1592,86.72,56,75,6.4,broken clouds
324,Klaksvik,FO,2021-04-25 18:39:07,62.2266,-6.589,46.4,93,100,13.8,overcast clouds
325,Punta Alta,AR,2021-04-25 18:36:04,-38.8759,-62.0736,64.81,49,4,4.88,clear sky
326,Svetlyy,RU,2021-04-25 18:39:07,54.675,20.1347,37.4,81,75,6.71,broken clouds
327,Kalaleh,IR,2021-04-25 18:39:08,37.3807,55.4916,62.6,82,0,6.91,clear sky
328,Fomboni,KM,2021-04-25 18:39:08,-12.28,43.7425,81.77,77,99,10.85,moderate rain
329,Bud,US,2021-04-25 18:34:41,39.447,-86.1758,57.0,47,1,6.91,clear sky
330,Byron Bay,AU,2021-04-25 18:37:43,-28.65,153.6167,60.8,94,90,9.22,overcast clouds
331,Monforte De Lemos,ES,2021-04-25 18:39:09,42.5216,-7.5142,48.99,92,22,3.0,light rain
332,Orangeville,CA,2021-04-25 18:39:09,43.9168,-80.0997,44.01,81,59,20.67,broken clouds
333,La Mana,EC,2021-04-25 18:39:09,-0.9333,-79.2167,64.4,59,75,18.41,light rain
334,Velka Nad Velickou,CZ,2021-04-25 18:39:10,48.8826,17.5206,48.2,40,0,14.97,clear sky
335,Olimpia,BR,2021-04-25 18:39:10,-20.7372,-48.9147,86.0,28,20,10.36,few clouds
336,Mazyr,BY,2021-04-25 18:35:59,52.0495,29.2456,34.57,64,1,4.92,clear sky
337,Mago,RU,2021-04-25 18:39:11,53.2514,140.1822,21.63,93,14,1.88,few clouds
338,Marawi,PH,2021-04-25 18:38:14,7.9986,124.2928,78.01,90,100,2.01,overcast clouds
339,Anloga,GH,2021-04-25 18:39:11,5.7947,0.8973,84.2,84,40,8.05,scattered clouds
340,San Nicolas,PH,2021-04-25 18:39:12,18.1725,120.5953,75.2,83,75,4.61,broken clouds
341,Dana Point,US,2021-04-25 18:35:32,33.467,-117.6981,64.99,70,9,5.01,clear sky
342,Kieta,PG,2021-04-25 18:34:24,-6.2167,155.6333,78.1,79,72,2.15,broken clouds
343,Tabalosos,PE,2021-04-25 18:39:12,-6.35,-76.6833,91.4,52,40,2.3,scattered clouds
344,Brynmawr,GB,2021-04-25 18:39:13,51.8,-3.1833,55.99,46,30,8.99,scattered clouds
345,Coahuayana,MX,2021-04-25 18:37:27,18.7333,-103.6833,86.0,35,75,8.1,broken clouds
346,Nantucket,US,2021-04-25 18:39:13,41.2835,-70.0995,46.4,100,90,20.71,heavy intensity rain
347,Zalantun,CN,2021-04-25 18:39:14,48.0,122.7167,48.04,34,100,10.74,overcast clouds
348,Faya,SA,2021-04-25 18:39:14,18.3851,42.4509,62.6,67,40,4.61,scattered clouds
349,Lagoa,PT,2021-04-25 18:39:14,39.05,-27.9833,59.4,79,96,14.52,overcast clouds
350,Los Llanos De Aridane,ES,2021-04-25 18:39:15,28.6585,-17.9182,71.6,60,75,3.44,broken clouds
351,Masindi,UG,2021-04-25 18:39:15,1.6744,31.715,64.92,95,100,3.0,light rain
352,Iwanai,JP,2021-04-25 18:39:15,42.9744,140.5089,31.21,74,39,4.32,scattered clouds
353,Vanimo,PG,2021-04-25 18:34:32,-2.6741,141.3028,75.27,84,100,3.4,overcast clouds
354,Moron,AR,2021-04-25 18:39:13,-34.6534,-58.6198,68.0,65,99,1.99,overcast clouds
355,Devonport,AU,2021-04-25 18:39:16,-41.1667,146.35,52.0,81,69,8.01,broken clouds
356,Qasigiannguit,GL,2021-04-25 18:39:17,68.8193,-51.1922,51.8,40,20,18.41,few clouds
357,Ambalavao,MG,2021-04-25 18:39:17,-21.8333,46.9333,62.62,91,76,4.59,broken clouds
358,Plastun,RU,2021-04-25 18:39:18,44.7561,136.2939,29.53,67,8,4.54,clear sky
359,Strezhevoy,RU,2021-04-25 18:39:05,60.7333,77.5889,42.8,65,0,6.71,clear sky
360,Mastic Beach,US,2021-04-25 18:39:18,40.7668,-72.8521,53.6,71,90,10.36,overcast clouds
361,Kailua,US,2021-04-25 18:38:43,21.4022,-157.7394,77.0,69,75,9.22,broken clouds
362,Pangoa,PE,2021-04-25 18:39:19,-12.1167,-73.0,87.48,49,23,4.63,few clouds
363,Maniitsoq,GL,2021-04-25 18:38:05,65.4167,-52.9,39.6,80,100,2.71,overcast clouds
364,Nouakchott,MR,2021-04-25 18:34:33,18.0858,-15.9785,73.4,64,0,21.85,clear sky
365,Jumla,NP,2021-04-25 18:39:04,29.2747,82.1838,47.03,46,0,4.03,clear sky
366,Abashiri,JP,2021-04-25 18:39:14,44.0213,144.2697,32.0,72,70,14.0,broken clouds
367,Vestmannaeyjar,IS,2021-04-25 18:39:20,63.4427,-20.2734,44.6,87,40,14.97,scattered clouds
368,Mount Gambier,AU,2021-04-25 18:39:20,-37.8333,140.7667,50.0,93,90,6.91,overcast clouds
369,Bull Savanna,JM,2021-04-25 18:39:20,17.8868,-77.5902,82.9,63,14,16.44,few clouds
370,Daru,PG,2021-04-25 18:39:21,-9.0763,143.2092,74.95,95,100,8.99,overcast clouds
371,Kodiak,US,2021-04-25 18:39:21,57.79,-152.4072,41.0,87,90,9.22,mist
372,Codrington,AU,2021-04-25 18:39:22,-38.2667,141.9667,53.22,85,100,5.08,overcast clouds
373,Haines Junction,CA,2021-04-25 18:36:55,60.7522,-137.5108,41.0,48,0,2.3,clear sky
374,Umm Lajj,SA,2021-04-25 18:39:22,25.0213,37.2685,82.94,47,0,1.7,clear sky
375,Valle De Allende,MX,2021-04-25 18:39:22,26.9333,-105.4,83.43,5,96,4.32,overcast clouds
376,Kavieng,PG,2021-04-25 18:34:41,-2.5744,150.7967,81.28,77,100,3.94,light rain
377,Broome,US,2021-04-25 18:39:23,42.2506,-75.833,55.99,66,90,9.22,overcast clouds
378,Port Antonio,JM,2021-04-25 18:39:24,18.18,-76.4612,84.2,70,40,18.41,scattered clouds
379,Markova,UA,2021-04-25 18:39:24,48.6758,24.4138,41.0,93,75,4.47,light rain
380,Myaundzha,RU,2021-04-25 18:39:24,63.0494,147.1858,-14.75,99,44,2.3,scattered clouds
381,Pokhara,NP,2021-04-25 18:39:25,28.2333,83.9833,70.0,20,0,7.18,clear sky
382,Barreiras,BR,2021-04-25 18:39:25,-12.1528,-44.99,84.96,52,100,3.47,light rain
383,Puerto Narino,CO,2021-04-25 18:39:25,-3.7703,-70.3831,77.0,100,90,6.91,overcast clouds
384,Adzhamka,UA,2021-04-25 18:39:26,48.5424,32.5354,45.18,77,94,7.67,overcast clouds
385,Port Lavaca,US,2021-04-25 18:39:26,28.615,-96.6261,81.0,57,1,14.97,clear sky
386,Grootfontein,NA,2021-04-25 18:39:27,-19.5667,18.1167,61.7,33,0,1.48,clear sky
387,Maumere,ID,2021-04-25 18:39:27,-8.6199,122.2111,79.65,73,96,8.21,overcast clouds
388,Yatou,CN,2021-04-25 18:39:27,37.15,122.3833,49.42,72,100,2.13,light rain
389,Morondava,MG,2021-04-25 18:39:28,-20.2833,44.2833,78.3,79,100,10.58,overcast clouds
390,Penha,BR,2021-04-25 18:39:28,-26.7694,-48.6458,78.8,61,20,10.36,few clouds
391,Rio Muerto,MX,2021-04-25 18:39:29,27.4167,-110.2333,82.4,14,75,10.36,broken clouds
392,Severnyy,RU,2021-04-25 18:39:29,50.677,36.5532,46.4,46,0,4.47,clear sky
393,Acapulco,MX,2021-04-25 18:39:30,16.8634,-99.8901,86.0,66,90,8.05,overcast clouds
394,Boffa,GN,2021-04-25 18:39:30,10.1667,-14.0333,82.72,57,14,8.9,few clouds
395,Puerto Ayacucho,VE,2021-04-25 18:39:30,5.6639,-67.6236,91.47,51,79,6.8,broken clouds
396,Sobolevo,RU,2021-04-25 18:39:31,54.4299,31.8996,32.2,77,11,7.31,few clouds
397,Praya,CV,2021-04-25 18:39:31,14.9215,-23.5087,75.2,60,20,23.02,few clouds
398,Krasnoarmeysk,RU,2021-04-25 18:39:31,51.0239,45.6969,46.0,37,0,1.99,clear sky
399,Biltine,TD,2021-04-25 18:39:12,14.5333,20.9167,91.58,19,97,5.86,overcast clouds
400,Vila,PT,2021-04-25 18:39:32,42.0304,-8.1588,57.0,87,79,1.36,light rain
401,Tuatapere,NZ,2021-04-25 18:39:32,-46.1333,167.6833,42.01,86,72,8.01,broken clouds
402,Avera,US,2021-04-25 18:38:10,33.194,-82.5271,73.99,53,40,9.22,scattered clouds
403,Thunder Bay,CA,2021-04-25 18:39:33,48.4001,-89.3168,42.8,39,20,12.66,few clouds
404,Kenai,US,2021-04-25 18:39:33,60.5544,-151.2583,46.4,49,1,4.03,clear sky
405,Namatanai,PG,2021-04-25 18:39:34,-3.6667,152.4333,79.2,81,81,2.06,broken clouds
406,La Ronge,CA,2021-04-25 18:39:34,55.1001,-105.2842,39.2,38,100,10.36,overcast clouds
407,Ewa Beach,US,2021-04-25 18:36:55,21.3156,-158.0072,77.0,65,1,5.75,clear sky
408,Blythe,US,2021-04-25 18:39:35,33.6103,-114.5964,84.2,10,1,18.41,clear sky
409,Komyshuvakha,UA,2021-04-25 18:39:35,47.7176,35.5288,48.2,46,0,2.86,clear sky
410,Te Anau,NZ,2021-04-25 18:39:36,-45.4167,167.7167,42.98,94,100,7.72,overcast clouds
411,Yuxia,CN,2021-04-25 18:39:36,34.0615,108.6291,50.0,93,100,2.24,mist
412,Hammerfest,NO,2021-04-25 18:39:36,70.6634,23.6821,32.0,100,75,12.66,light snow
413,Puerto Del Rosario,ES,2021-04-25 18:39:37,28.5004,-13.8627,73.4,53,20,13.8,few clouds
414,Boguchany,RU,2021-04-25 18:39:37,58.3814,97.4531,35.01,97,100,6.46,overcast clouds
415,Toamasina,MG,2021-04-25 18:39:37,-18.1667,49.3833,75.2,94,75,8.05,light rain
416,Necochea,AR,2021-04-25 18:39:38,-38.5473,-58.7368,64.99,69,72,4.0,broken clouds
417,Toropets,RU,2021-04-25 18:39:38,56.4978,31.6353,31.39,92,10,6.31,clear sky
418,High Prairie,CA,2021-04-25 18:39:38,55.4334,-116.4858,42.8,28,94,13.8,overcast clouds
419,Novoanninskiy,RU,2021-04-25 18:39:39,50.5287,42.6747,42.01,58,3,1.01,clear sky
420,Chimaltenango,GT,2021-04-25 18:39:39,14.6686,-90.8167,84.99,44,40,16.11,scattered clouds
421,Port Keats,AU,2021-04-25 18:39:40,-14.25,129.55,74.73,42,100,5.12,overcast clouds
422,Inhambane,MZ,2021-04-25 18:39:40,-23.865,35.3833,77.0,78,40,1.92,light rain
423,Okrisky,CZ,2021-04-25 18:39:40,49.2454,15.7696,42.01,55,98,6.02,overcast clouds
424,Kumluca,TR,2021-04-25 18:39:41,36.3703,30.2869,67.26,61,63,1.52,broken clouds
425,Mbandaka,CD,2021-04-25 18:39:41,0.0487,18.2603,73.51,85,38,3.15,light rain
426,Kysyl-Syr,RU,2021-04-25 18:39:41,63.8986,122.7617,32.72,99,100,3.51,overcast clouds
427,Rincon,US,2021-04-25 18:39:42,32.296,-81.2354,73.4,64,75,10.36,broken clouds
428,Kruisfontein,ZA,2021-04-25 18:39:42,-34.0033,24.7314,72.07,41,100,4.07,overcast clouds
429,Nador,MA,2021-04-25 18:39:43,35.174,-2.9287,62.6,94,75,4.61,mist
430,Sola,VU,2021-04-25 18:39:43,-13.8833,167.55,75.2,94,20,4.09,few clouds
431,Santiago De Chuco,PE,2021-04-25 18:39:44,-8.15,-78.1833,59.7,67,90,3.4,light rain
432,Sheboygan,US,2021-04-25 18:39:44,43.7333,-87.9334,43.0,52,1,13.8,clear sky
433,Dauphin,CA,2021-04-25 18:39:44,51.1494,-100.0502,48.2,27,1,12.66,clear sky
434,Plast,RU,2021-04-25 18:39:45,54.3691,60.8136,42.64,67,32,9.84,scattered clouds
435,Kahului,US,2021-04-25 18:35:33,20.8947,-156.47,75.2,78,1,12.66,clear sky
436,Maldonado,UY,2021-04-25 18:39:45,-34.6667,-54.9167,68.0,73,40,19.57,scattered clouds
437,Tommot,RU,2021-04-25 18:39:46,58.9564,126.2925,30.25,96,100,2.8,overcast clouds
438,Aasiaat,GL,2021-04-25 18:39:46,68.7098,-52.8699,36.41,74,42,4.63,scattered clouds
439,Rawson,AR,2021-04-25 18:39:46,-43.3002,-65.1023,68.18,38,67,21.65,broken clouds
440,Huilong,CN,2021-04-25 18:39:47,31.8111,121.655,64.0,79,19,7.4,few clouds
441,Aykhal,RU,2021-04-25 18:38:49,66.0,111.5,6.37,94,100,26.4,overcast clouds
442,Vila Franca Do Campo,PT,2021-04-25 18:39:47,37.7167,-25.4333,62.6,67,40,14.97,scattered clouds
443,Sao Felix Do Xingu,BR,2021-04-25 18:39:48,-6.6447,-51.995,87.03,63,16,2.91,few clouds
444,Kraskino,RU,2021-04-25 18:39:48,42.7114,130.7794,40.32,47,7,3.29,clear sky
445,Batagay-Alyta,RU,2021-04-25 18:39:48,67.8006,130.4114,11.75,89,100,6.2,overcast clouds
446,Half Moon Bay,US,2021-04-25 18:39:49,37.4636,-122.4286,57.99,82,90,13.8,haze
447,Melbu,NO,2021-04-25 18:39:49,68.5044,14.8297,37.4,70,75,2.3,broken clouds
448,Luanda,AO,2021-04-25 18:34:54,-8.8368,13.2343,80.6,89,20,5.75,few clouds
449,Berezovka,BY,2021-04-25 18:39:50,53.7214,25.4993,32.02,80,78,6.69,broken clouds
450,Macaiba,BR,2021-04-25 18:39:50,-5.8583,-35.3539,86.0,66,40,12.66,scattered clouds
451,Karratha,AU,2021-04-25 18:39:51,-20.7377,116.8463,76.95,61,0,7.36,light rain
452,Koudougou,BF,2021-04-25 18:39:51,12.25,-2.3667,98.02,19,40,3.8,scattered clouds
453,Chihuahua,MX,2021-04-25 18:36:52,28.5,-106.0,82.4,6,75,4.92,broken clouds
454,Southbridge,US,2021-04-25 18:35:15,42.0751,-72.0334,51.01,94,100,4.21,overcast clouds
455,Davila,PH,2021-04-25 18:37:44,18.4726,120.5763,75.2,83,75,4.61,broken clouds
456,Coos Bay,US,2021-04-25 18:36:34,43.3665,-124.2179,50.0,81,90,12.66,overcast clouds
457,Tigil,RU,2021-04-25 18:39:52,57.8,158.6667,26.22,95,100,1.92,overcast clouds
458,Pangody,RU,2021-04-25 18:39:52,65.85,74.4859,31.8,89,100,9.82,overcast clouds
459,Zlocieniec,PL,2021-04-25 18:39:53,53.5329,16.0113,37.0,55,5,1.01,clear sky
460,Grindavik,IS,2021-04-25 18:39:53,63.8424,-22.4338,48.2,76,40,12.66,scattered clouds
461,Makakilo City,US,2021-04-25 18:39:54,21.3469,-158.0858,77.0,65,1,5.75,clear sky
462,Hasaki,JP,2021-04-25 18:39:54,35.7333,140.8333,46.4,42,20,14.97,few clouds
463,Mukhtolovo,RU,2021-04-25 18:39:54,55.4644,43.1953,37.53,64,89,15.41,overcast clouds
464,Arth,CH,2021-04-25 18:39:55,47.0634,8.5235,62.6,39,0,5.75,clear sky
465,Yenagoa,NG,2021-04-25 18:39:55,4.9247,6.2642,80.89,74,9,7.78,clear sky
466,Aksarka,RU,2021-04-25 18:39:56,66.5606,67.7975,33.78,98,100,10.36,overcast clouds
467,Conakry,GN,2021-04-25 18:37:48,9.538,-13.6773,86.0,62,0,9.22,clear sky
468,Gamba,GA,2021-04-25 18:39:56,-2.65,10.0,78.96,86,86,5.1,light rain
469,Lovozero,RU,2021-04-25 18:39:57,68.005,35.0117,30.11,97,100,12.53,light snow
470,Zvishavane,ZW,2021-04-25 18:39:57,-20.3267,30.0665,66.29,33,0,4.07,clear sky
471,Bay Saint Louis,US,2021-04-25 18:39:57,30.3088,-89.33,75.2,49,1,9.22,clear sky
472,Sandnessjoen,NO,2021-04-25 18:39:58,66.0217,12.6316,37.4,80,40,5.75,scattered clouds
473,Bogale,MM,2021-04-25 18:39:58,16.2833,95.4,80.98,71,16,5.75,few clouds
474,Abapo,BO,2021-04-25 18:39:58,-18.8333,-63.4667,72.82,44,100,2.19,moderate rain
475,Mandan,US,2021-04-25 18:37:39,46.8267,-100.8896,39.2,100,90,20.71,overcast clouds
476,Fukue,JP,2021-04-25 18:39:59,32.6881,128.8419,59.27,61,100,29.77,overcast clouds
477,Alofi,NU,2021-04-25 18:39:59,-19.0595,-169.9187,69.8,100,88,5.12,light rain
478,Manicore,BR,2021-04-25 18:39:46,-5.8092,-61.3003,80.6,89,0,2.3,light rain
479,Quatre Cocos,MU,2021-04-25 18:40:00,-20.2078,57.7625,78.01,88,75,12.66,light rain
480,Fortuna,US,2021-04-25 18:40:00,40.5982,-124.1573,54.0,100,75,10.36,broken clouds
481,Chuncheng,CN,2021-04-25 18:40:01,22.1731,111.7886,74.1,94,100,3.96,light rain
482,Lopsmarka,NO,2021-04-25 18:40:01,67.3134,14.4493,37.99,70,75,6.91,broken clouds
483,Dombarovskiy,RU,2021-04-25 18:40:03,50.7587,59.5386,47.91,84,100,10.27,overcast clouds
484,Trat,TH,2021-04-25 18:40:03,12.5,102.5,80.01,99,97,2.13,overcast clouds
485,Yuzhno-Kurilsk,RU,2021-04-25 18:40:03,44.0306,145.8556,31.06,69,9,18.52,clear sky
486,Fort Nelson,CA,2021-04-25 18:40:04,58.8053,-122.7002,46.4,36,40,4.61,scattered clouds
487,Derzhavinsk,KZ,2021-04-25 18:40:04,51.1,66.3167,52.36,70,24,13.22,few clouds
488,Tamandare,BR,2021-04-25 18:40:05,-8.7597,-35.1047,81.79,73,31,8.66,scattered clouds
489,Nizhniy Kuranakh,RU,2021-04-25 18:40:05,58.8353,125.4869,34.11,95,100,5.57,overcast clouds
490,High Level,CA,2021-04-25 18:40:05,58.5169,-117.136,37.4,56,90,8.05,snow
491,Tadine,NC,2021-04-25 18:40:06,-21.55,167.8833,72.3,87,99,5.48,overcast clouds
492,Catalina,US,2021-04-25 18:40:06,32.5056,-110.9211,88.0,12,0,4.0,clear sky
493,Uniontown,US,2021-04-25 18:40:07,39.9001,-79.7164,59.0,43,100,4.0,overcast clouds
494,Smirnykh,RU,2021-04-25 18:40:07,49.75,142.8333,26.02,81,100,3.47,overcast clouds
495,Manokwari,ID,2021-04-25 18:40:08,-0.8667,134.0833,78.53,82,100,11.05,overcast clouds
496,Atikokan,CA,2021-04-25 18:40:08,48.7555,-91.6216,47.64,17,59,6.91,broken clouds
497,Riberalta,BO,2021-04-25 18:40:08,-10.9833,-66.1,80.6,83,90,9.22,moderate rain
498,Uige,AO,2021-04-25 18:39:56,-7.6087,15.0613,72.09,85,94,1.5,light rain
499,Kapiri Mposhi,ZM,2021-04-25 18:40:09,-13.9652,28.6809,63.0,75,17,5.53,few clouds
500,Parli,IN,2021-04-25 18:40:09,18.8486,76.5297,93.47,16,95,2.15,overcast clouds
501,Indian Head,US,2021-04-25 18:40:10,38.6001,-77.1622,63.0,51,40,21.85,scattered clouds
502,Purranque,CL,2021-04-25 18:38:20,-40.9167,-73.1667,57.2,50,40,5.75,scattered clouds
503,Sao Filipe,CV,2021-04-25 18:40:10,14.8961,-24.4956,72.01,74,58,10.51,broken clouds
504,Yazoo City,US,2021-04-25 18:40:11,32.8551,-90.4056,72.0,49,1,8.05,clear sky
505,Kamaishi,JP,2021-04-25 18:35:30,39.2667,141.8833,38.14,65,12,8.5,few clouds
506,Severodvinsk,RU,2021-04-25 18:40:11,64.5635,39.8302,42.8,87,40,4.47,scattered clouds
507,Altamira,BR,2021-04-25 18:40:12,-3.2033,-52.2064,89.6,62,20,4.61,few clouds
508,Cam Ranh,VN,2021-04-25 18:40:12,11.9214,109.1591,82.4,74,20,2.3,few clouds
509,Harer,ET,2021-04-25 18:40:12,9.3094,42.1258,62.94,81,100,3.06,light rain
510,Tagusao,PH,2021-04-25 18:40:13,9.1924,117.8141,79.47,79,90,2.24,overcast clouds
511,Lompoc,US,2021-04-25 18:40:13,34.6391,-120.4579,59.0,63,100,8.05,overcast clouds
512,Corinto,GR,2021-04-25 18:40:14,37.9407,22.9573,57.0,59,0,2.64,clear sky
513,Terenos,BR,2021-04-25 18:40:14,-20.4422,-54.8603,75.2,69,75,9.22,broken clouds
514,Chimbote,PE,2021-04-25 18:40:14,-9.0853,-78.5783,72.03,74,25,9.57,scattered clouds
515,Saint-Augustin,CA,2021-04-25 18:38:13,51.226,-58.6502,47.82,40,100,12.37,overcast clouds
516,Natal,BR,2021-04-25 18:40:15,-5.795,-35.2094,86.0,66,20,14.97,few clouds
517,Hyeres,FR,2021-04-25 18:40:15,43.1167,6.1167,60.8,72,0,4.61,clear sky
518,Winnemucca,US,2021-04-25 18:40:16,40.973,-117.7357,41.0,87,90,5.75,light rain
519,Areado,BR,2021-04-25 18:40:16,-21.3586,-46.1456,75.2,43,0,3.2,clear sky
520,Nebolchi,RU,2021-04-25 18:40:16,59.1239,33.3454,36.36,97,100,7.47,light rain
521,Aklavik,CA,2021-04-25 18:37:26,68.2191,-135.0107,23.0,74,20,11.5,few clouds
522,Taloqan,AF,2021-04-25 18:40:17,36.7361,69.5345,63.88,40,34,1.99,scattered clouds
523,Muncar,ID,2021-04-25 18:40:17,-8.4333,114.3333,73.85,86,99,3.42,overcast clouds
524,Skibbereen,IE,2021-04-25 18:40:18,51.55,-9.2667,51.8,50,20,12.66,few clouds
525,Mindyak,RU,2021-04-25 18:40:18,54.0231,58.7891,37.6,70,45,8.81,scattered clouds
526,Hokitika,NZ,2021-04-25 18:40:19,-42.7167,170.9667,46.36,80,54,5.03,broken clouds
527,Saint-Francois,FR,2021-04-25 18:40:19,46.4154,3.9054,64.4,45,0,5.75,clear sky
528,Lazo,RU,2021-04-25 18:40:19,43.3817,133.9014,30.92,42,0,2.59,clear sky
529,Pacific Grove,US,2021-04-25 18:39:19,36.6177,-121.9166,60.8,51,75,8.05,broken clouds
530,Governador Dix-Sept Rosado,BR,2021-04-25 18:40:20,-5.4577,-37.5209,93.2,46,20,6.91,few clouds
531,Buarcos,PT,2021-04-25 18:40:21,40.166,-8.8768,64.0,82,40,3.44,scattered clouds
532,Guerrero Negro,MX,2021-04-25 18:40:21,27.9769,-114.0611,67.15,57,96,12.39,overcast clouds
533,Shentala,RU,2021-04-25 18:40:21,54.45,51.4833,39.42,62,67,16.31,broken clouds
534,Roncade,IT,2021-04-25 18:40:22,45.63,12.3742,66.2,63,0,6.91,clear sky
535,Wenling,CN,2021-04-25 18:40:22,28.3669,121.36,61.0,80,90,6.15,overcast clouds
536,Imbituba,BR,2021-04-25 18:40:22,-28.24,-48.6703,75.2,73,75,11.5,broken clouds
537,Skjervoy,NO,2021-04-25 18:38:35,70.0311,20.9714,37.4,52,75,3.44,broken clouds
538,Puerto Suarez,BO,2021-04-25 18:40:23,-18.95,-57.8,71.6,88,75,11.5,broken clouds
539,Sande,DE,2021-04-25 18:40:23,53.5049,8.0142,46.0,57,3,6.91,clear sky
540,Lensk,RU,2021-04-25 18:40:24,60.7253,114.9278,34.56,97,100,9.98,light snow
541,Rio Verde De Mato Grosso,BR,2021-04-25 18:40:24,-18.9181,-54.8442,83.62,41,99,8.7,moderate rain
542,Yulara,AU,2021-04-25 18:40:25,-25.2406,130.9889,59.0,44,0,12.66,clear sky
543,Mahibadhoo,MV,2021-04-25 18:39:55,3.7833,72.9667,82.99,74,7,6.58,clear sky
544,Ambilobe,MG,2021-04-25 18:40:25,-13.2,49.05,72.25,82,64,3.06,broken clouds
545,Tashla,RU,2021-04-25 18:40:25,51.7716,52.7427,41.18,62,0,7.52,clear sky
546,Kirakira,SB,2021-04-25 18:40:26,-10.4544,161.9205,79.11,83,29,4.47,scattered clouds
547,La Joya,MX,2021-04-25 18:40:26,18.6667,-99.4667,93.0,29,40,3.44,scattered clouds
548,Smyrna,US,2021-04-25 18:40:27,33.884,-84.5144,69.01,52,20,11.5,few clouds
549,Requena,ES,2021-04-25 18:40:27,39.4883,-1.1004,61.0,84,100,3.0,overcast clouds
550,Weligama,LK,2021-04-25 18:40:27,5.9667,80.4167,78.04,87,21,2.68,few clouds
551,Lebedinyy,RU,2021-04-25 18:40:28,58.5167,125.5167,30.2,94,100,6.02,overcast clouds
552,Wajid,SO,2021-04-25 18:40:28,3.8093,43.2471,81.54,62,100,5.41,overcast clouds
553,Muros,ES,2021-04-25 18:40:29,42.7762,-9.0603,63.0,79,72,4.09,broken clouds
554,Naze,JP,2021-04-25 18:40:29,28.3667,129.4833,64.47,69,56,10.31,broken clouds
555,Chipinge,ZW,2021-04-25 18:40:29,-20.1883,32.6236,63.54,46,0,4.59,clear sky
556,Comodoro Rivadavia,AR,2021-04-25 18:40:30,-45.8667,-67.5,66.2,42,0,12.66,clear sky
557,Soanierana Ivongo,MG,2021-04-25 18:40:30,-16.9167,49.5833,73.65,92,94,5.57,light rain
558,Mapiripan,CO,2021-04-25 18:40:31,2.8892,-72.1256,89.92,55,57,6.71,broken clouds
559,Saskylakh,RU,2021-04-25 18:40:31,71.9167,114.0833,14.97,95,100,10.45,light snow
560,Prince Rupert,CA,2021-04-25 18:40:32,54.3161,-130.3201,55.4,44,1,4.61,clear sky
561,La Paz,BO,2021-04-25 18:40:03,-16.5,-68.15,57.2,21,40,16.11,scattered clouds
562,Marathon,US,2021-04-25 18:40:32,44.9,-89.7668,46.99,33,1,4.61,clear sky
563,Port-Gentil,GA,2021-04-25 18:40:32,-0.7193,8.7815,82.4,78,20,3.44,few clouds
564,Visby,SE,2021-04-25 18:40:33,57.6409,18.296,37.0,87,75,6.91,light rain
565,Fare,PF,2021-04-25 18:40:33,-16.7,-151.0167,81.0,65,28,5.44,scattered clouds
566,Loukhi,RU,2021-04-25 18:40:34,66.0764,33.0381,34.41,89,100,12.82,overcast clouds
567,Stromness,GB,2021-04-25 18:37:13,58.965,-3.296,46.4,81,100,9.22,overcast clouds
568,Paraiso,CR,2021-04-25 18:40:34,9.8383,-83.8656,84.2,50,20,18.41,few clouds
569,Beloha,MG,2021-04-25 18:37:28,-25.1667,45.05,72.95,81,0,6.15,clear sky
570,Tel Aviv-Yafo,IL,2021-04-25 18:40:35,32.0805,34.7805,75.2,53,0,3.44,clear sky
571,Namibe,AO,2021-04-25 18:38:00,-15.1961,12.1522,78.53,68,2,14.29,clear sky
572,Tongren,CN,2021-04-25 18:40:35,27.7172,109.1853,57.51,96,100,3.49,moderate rain
573,Parabel,RU,2021-04-25 18:40:36,58.6978,81.4825,34.39,98,100,4.63,overcast clouds
574,Neiafu,TO,2021-04-25 18:40:36,-18.65,-173.9833,69.8,94,40,4.32,scattered clouds
575,Takaka,NZ,2021-04-25 18:40:36,-40.85,172.8,48.99,76,100,3.0,light rain
576,Jalalabad,AF,2021-04-25 18:40:37,34.4265,70.4515,76.69,26,10,0.76,clear sky
577,Tautira,PF,2021-04-25 18:40:37,-17.7333,-149.15,82.4,69,75,4.61,broken clouds
578,Port Augusta,AU,2021-04-25 18:40:38,-32.5,137.7667,51.8,93,0,6.91,clear sky
579,Itarema,BR,2021-04-25 18:40:38,-2.9248,-39.9167,83.05,71,22,11.92,few clouds
580,Chake Chake,TZ,2021-04-25 18:40:38,-5.2459,39.7666,78.19,86,17,6.8,few clouds
581,Waitati,NZ,2021-04-25 18:40:39,-45.75,170.5667,46.99,42,75,5.01,broken clouds
582,Ranong,TH,2021-04-25 18:40:39,9.9658,98.6348,79.74,83,100,4.74,overcast clouds
583,Najran,SA,2021-04-25 18:40:39,17.4924,44.1277,78.8,47,75,4.61,broken clouds
584,Benjamin Constant,BR,2021-04-25 18:40:40,-4.3831,-70.0311,77.0,88,75,5.75,broken clouds
585,Yaguara,CO,2021-04-25 18:40:40,2.6636,-75.5175,87.01,58,39,4.0,scattered clouds
586,Deniliquin,AU,2021-04-25 18:36:08,-35.5333,144.9667,48.99,86,5,6.49,clear sky
587,Sept-Iles,CA,2021-04-25 18:37:02,50.2001,-66.3821,46.99,57,20,11.5,few clouds
588,Catamarca,AR,2021-04-25 18:40:41,-28.4696,-65.7852,75.99,63,14,4.0,few clouds
589,Miles City,US,2021-04-25 18:40:41,46.4083,-105.8406,51.8,50,1,3.44,clear sky
590,Synya,RU,2021-04-25 18:40:42,65.3718,58.0387,40.96,87,100,5.66,overcast clouds
591,Pringsewu,ID,2021-04-25 18:40:42,-5.3582,104.9744,72.79,96,100,1.83,overcast clouds
592,Cayce,US,2021-04-25 18:40:43,33.9657,-81.074,75.99,49,75,8.05,broken clouds
593,Stornoway,GB,2021-04-25 18:40:43,58.2093,-6.3865,54.0,82,100,5.75,overcast clouds
594,Omutninsk,RU,2021-04-25 18:40:43,58.67,52.1932,38.14,82,100,11.23,overcast clouds
595,Braganca,BR,2021-04-25 18:40:44,-1.0536,-46.7656,81.28,86,89,3.96,overcast clouds
596,Hami,CN,2021-04-25 18:40:44,42.8,93.45,41.81,19,92,6.31,overcast clouds
597,Boyarka,UA,2021-04-25 18:40:44,50.3191,30.2973,43.0,81,0,4.47,clear sky
598,Kalmunai,LK,2021-04-25 18:40:45,7.4167,81.8167,79.12,74,33,5.48,scattered clouds
599,Loa Janan,ID,2021-04-25 18:40:45,-0.583,117.095,72.61,98,76,1.32,broken clouds
600,Werda,BW,2021-04-25 18:40:45,-25.2667,23.2833,70.36,23,42,3.24,scattered clouds
601,Denham Springs,US,2021-04-25 18:40:03,30.4869,-90.9562,78.01,50,1,5.75,clear sky
602,Eureka,US,2021-04-25 18:36:44,40.8021,-124.1637,54.0,73,100,5.99,overcast clouds
603,Riviere-Du-Loup,CA,2021-04-25 18:40:46,47.8304,-69.5342,48.2,61,100,10.36,overcast clouds
604,The Pas,CA,2021-04-25 18:40:47,53.8251,-101.2541,42.8,28,1,9.22,clear sky
605,Devils Lake,US,2021-04-25 18:40:47,48.1128,-98.8651,37.4,87,90,18.41,overcast clouds
606,Linares,CL,2021-04-25 18:40:48,-35.85,-71.6,73.27,26,0,6.98,clear sky
607,Novaya Ladoga,RU,2021-04-25 18:40:48,60.1025,32.3019,37.0,80,100,8.28,overcast clouds
608,Veraval,IN,2021-04-25 18:40:48,20.9,70.3667,81.48,82,1,12.28,clear sky
609,Esterhazy,CA,2021-04-25 18:40:49,50.65,-102.0843,46.4,23,100,5.75,overcast clouds
610,Lahad Datu,MY,2021-04-25 18:40:49,5.0268,118.327,74.46,89,30,1.57,scattered clouds
611,Acarau,BR,2021-04-25 18:40:50,-2.8856,-40.12,82.8,73,20,12.53,few clouds
612,Belyy Yar,RU,2021-04-25 18:38:59,53.6039,91.3903,39.2,48,0,6.71,clear sky
613,Bhag,PK,2021-04-25 18:40:50,29.0415,67.8239,91.49,16,0,3.62,clear sky
614,Northam,GB,2021-04-25 18:40:50,51.0333,-4.2167,48.99,1,6,14.56,clear sky
615,Ankpa,NG,2021-04-25 18:40:51,7.3706,7.6253,79.05,73,10,4.41,light rain
616,Dengzhou,CN,2021-04-25 18:40:51,37.8086,120.7508,50.92,66,100,1.95,light rain
617,Mwinilunga,ZM,2021-04-25 18:40:52,-11.7358,24.4293,64.74,83,98,2.64,overcast clouds
618,Upington,ZA,2021-04-25 18:40:52,-28.4478,21.2561,71.6,23,0,5.75,clear sky
619,Betanzos,ES,2021-04-25 18:40:52,43.2804,-8.2147,57.99,100,75,2.3,light rain
620,Stykkisholmur,IS,2021-04-25 18:40:53,65.0757,-22.7297,42.04,89,37,10.33,scattered clouds
621,Atyrau,KZ,2021-04-25 18:40:54,47.1167,51.8833,57.2,67,40,13.42,scattered clouds
622,Usinsk,RU,2021-04-25 18:40:54,65.9939,57.5281,39.81,86,100,9.04,overcast clouds
623,Bam,IR,2021-04-25 18:40:54,29.106,58.357,80.8,19,99,6.8,overcast clouds
624,Taksimo,RU,2021-04-25 18:40:55,56.3444,114.8794,34.12,91,100,2.95,overcast clouds
625,Tongliao,CN,2021-04-25 18:40:55,43.6125,122.2653,51.24,26,100,7.7,overcast clouds
626,Turukhansk,RU,2021-04-25 18:40:55,65.8167,87.9833,8.31,94,7,7.92,clear sky
627,Chavakkad,IN,2021-04-25 18:40:56,10.5333,76.05,80.6,83,75,3.44,mist
628,Praia,CV,2021-04-25 18:40:56,14.9215,-23.5087,75.2,60,20,23.02,few clouds
629,Caravelas,BR,2021-04-25 18:40:57,-17.7125,-39.2481,81.5,69,19,9.6,few clouds
630,Nizwa,OM,2021-04-25 18:40:57,22.9333,57.5333,83.55,18,89,4.21,overcast clouds
631,Kyaikto,MM,2021-04-25 18:40:57,17.3,97.0167,82.76,76,100,5.08,overcast clouds
632,Coxim,BR,2021-04-25 18:40:58,-18.5067,-54.76,81.84,45,100,12.15,overcast clouds
633,Kizner,RU,2021-04-25 18:40:58,56.2749,51.508,38.41,74,100,12.15,overcast clouds
634,Gornopravdinsk,RU,2021-04-25 18:40:58,60.05,69.9,41.59,77,100,9.35,overcast clouds
635,Othaya,KE,2021-04-25 18:40:59,-0.5652,36.9609,60.01,85,65,8.01,light rain
636,Am Timan,TD,2021-04-25 18:40:59,11.0297,20.2827,87.26,44,95,7.78,overcast clouds
637,Samarai,PG,2021-04-25 18:41:00,-10.6167,150.6667,82.47,78,91,11.9,overcast clouds
638,Liwale,TZ,2021-04-25 18:41:00,-9.7667,37.9333,68.56,98,92,2.91,overcast clouds
639,Belem De Sao Francisco,BR,2021-04-25 18:41:00,-8.7539,-38.9658,87.1,45,100,16.31,overcast clouds
640,Jiayuguan,CN,2021-04-25 18:39:07,39.8167,98.3,41.02,16,100,11.83,overcast clouds
641,Whitehorse,CA,2021-04-25 18:41:01,60.7161,-135.0538,51.01,36,1,2.3,clear sky
642,Nouadhibou,MR,2021-04-25 18:41:01,20.931,-17.0347,69.8,73,0,18.41,clear sky
643,Oshikango,NA,2021-04-25 18:41:02,-17.4,15.8833,73.4,40,15,3.44,few clouds
644,Lumphat,KH,2021-04-25 18:41:02,13.4878,106.9816,82.08,67,98,2.42,overcast clouds
645,Dalmeny,CA,2021-04-25 18:41:02,52.3334,-106.7679,48.2,21,75,16.11,broken clouds
646,Wajima,JP,2021-04-25 18:41:03,37.4,136.9,47.55,53,6,14.67,clear sky
647,Vizinga,RU,2021-04-25 18:41:03,61.0749,50.1031,37.06,96,100,8.48,overcast clouds
648,Csaszartoltes,HU,2021-04-25 18:41:04,46.4219,19.1836,51.91,66,100,9.19,overcast clouds
649,Ostrovnoy,RU,2021-04-25 18:41:04,68.0531,39.5131,34.23,98,100,19.26,overcast clouds
650,Palmas,BR,2021-04-25 18:41:04,-10.2128,-48.3603,73.4,94,75,9.22,broken clouds
651,Tecpan,GT,2021-04-25 18:41:05,14.7623,-90.9947,84.99,44,40,16.11,scattered clouds
652,Kalino,RU,2021-04-25 18:41:05,58.2504,57.6085,35.62,87,31,6.31,scattered clouds
653,Monrovia,LR,2021-04-25 18:37:39,6.3005,-10.7969,84.2,79,40,5.75,scattered clouds
654,Cumberland,US,2021-04-25 18:41:06,35.0502,-78.8664,73.99,43,75,10.36,broken clouds
655,Tilichiki,RU,2021-04-25 18:41:06,60.4667,166.1,26.29,94,96,4.9,overcast clouds
656,Savelugu,GH,2021-04-25 18:41:06,9.6244,-0.8253,93.36,38,30,9.46,scattered clouds
657,Trujillo,PE,2021-04-25 18:41:07,-8.116,-79.03,68.0,77,95,8.05,overcast clouds
658,Nisia Floresta,BR,2021-04-25 18:41:07,-6.0911,-35.2086,86.0,66,20,14.97,few clouds
659,Atbasar,KZ,2021-04-25 18:41:08,51.8,68.3333,48.72,71,93,9.57,overcast clouds
660,Atasu,KZ,2021-04-25 18:41:08,48.6814,71.6433,46.92,67,32,6.38,scattered clouds
661,Amazar,RU,2021-04-25 18:41:08,53.858,120.875,45.97,40,100,0.78,overcast clouds
662,San Andres,CO,2021-04-25 18:41:09,12.5847,-81.7006,87.8,62,20,12.66,few clouds
663,Tondi,IN,2021-04-25 18:41:09,9.7333,79.0167,85.1,70,2,9.95,clear sky
664,Novyy Svit,UA,2021-04-25 18:41:09,47.8059,38.0211,45.88,53,100,4.18,overcast clouds
665,Gondanglegi,ID,2021-04-25 18:41:10,-7.7479,112.0132,74.88,91,80,2.77,broken clouds
666,Wajir,KE,2021-04-25 18:41:10,1.7471,40.0573,87.28,44,95,5.95,overcast clouds
667,Cananea,MX,2021-04-25 18:41:11,30.95,-110.3,84.0,9,51,4.0,broken clouds
668,Soyo,AO,2021-04-25 18:41:11,-6.1349,12.3689,79.54,83,15,7.27,few clouds
669,Samfya,ZM,2021-04-25 18:41:12,-11.3649,29.5565,71.01,65,99,7.47,overcast clouds
670,Puerto Leguizamo,CO,2021-04-25 18:41:12,-0.1934,-74.7819,90.34,52,53,2.84,broken clouds
671,Chokwe,MZ,2021-04-25 18:41:12,-24.5333,32.9833,68.25,79,0,5.35,clear sky
672,Evensk,RU,2021-04-25 18:41:13,61.95,159.2333,21.9,95,100,6.22,light snow
673,Aksha,RU,2021-04-25 18:41:13,50.2814,113.2867,47.34,50,100,4.23,moderate rain
674,Lasa,IT,2021-04-25 18:41:13,46.6166,10.7002,69.8,43,0,1.14,clear sky
675,Tutoia,BR,2021-04-25 18:41:14,-2.7619,-42.2744,87.8,66,20,16.11,few clouds
676,Piacabucu,BR,2021-04-25 18:41:14,-10.4056,-36.4344,81.23,74,5,8.95,clear sky
677,Pitimbu,BR,2021-04-25 18:41:15,-7.4706,-34.8086,84.2,70,40,13.8,scattered clouds
678,Kwinana,AU,2021-04-25 18:37:50,-32.25,115.7667,53.6,100,100,3.44,overcast clouds
679,Latung,PH,2021-04-25 18:41:15,5.5,120.8833,81.93,73,2,1.9,clear sky
680,Waldkirchen,DE,2021-04-25 18:41:15,48.7327,13.6008,48.0,54,100,7.0,overcast clouds
681,Ugoofaaru,MV,2021-04-25 18:41:16,5.6667,73.0,83.8,72,2,5.7,clear sky
682,Hirara,JP,2021-04-25 18:39:13,24.8,125.2833,71.74,65,91,18.07,overcast clouds
683,Viedma,AR,2021-04-25 18:41:16,-40.8135,-62.9967,67.3,37,6,5.88,clear sky
684,Billings,US,2021-04-25 18:38:42,45.7833,-108.5007,54.0,66,75,4.61,broken clouds
685,Luau,AO,2021-04-25 18:41:17,-10.7073,22.2247,67.55,83,57,4.63,broken clouds
686,Eyl,SO,2021-04-25 18:38:50,7.9803,49.8164,83.26,73,17,9.86,few clouds
687,Loknya,RU,2021-04-25 18:41:17,56.83,30.1467,32.2,92,30,6.73,light snow
688,Kargil,IN,2021-04-25 18:41:18,34.5667,76.1,31.46,41,1,4.63,clear sky
689,Pangkalanbuun,ID,2021-04-25 18:41:18,-2.6833,111.6167,74.62,90,77,1.5,broken clouds
